timestamp,src,dst,sport,dport,src_bytes,dst_bytes,same_srv_rate,dst_host_srv_count,dst_host_same_srv_rate,flag,logged_in,diff_srv_rate,protocol_type,count,srv_serror_rate,dst_host_diff_srv_rate,service,dst_host_same_src_port_rate,serror_rate,dst_host_srv_diff_host_rate,srv_count,dst_host_rerror_rate,dst_host_count,dst_host_serror_rate,prediction
2025-09-01 23:02:09,20.189.173.28,192.168.178.118,443,65040,153.0,0.0,1.0,1.0,1.0,9.0,0.0,0.0,1.0,1.0,0.0,0.0,-1.0,1.0,0.0,0.0,1.0,0.0,1.0,0.0,normal
2025-09-01 23:02:09,192.168.178.118,20.189.173.28,65040,443,89.0,0.0,0.5,1.0,1.0,9.0,0.0,0.5,1.0,1.0,0.0,0.0,-1.0,1.0,0.0,0.0,1.0,0.0,1.0,0.0,normal
2025-09-01 23:02:10,20.189.173.28,192.168.178.118,443,65040,207.0,0.0,0.6666666666666666,2.0,1.0,9.0,0.0,0.3333333333333333,1.0,2.0,0.0,0.0,-1.0,1.0,0.0,0.0,2.0,0.0,2.0,0.0,normal
2025-09-01 23:02:10,51.132.193.105,192.168.178.118,443,65101,519.0,0.0,0.25,1.0,0.3333333333333333,9.0,0.0,0.75,1.0,1.0,0.0,0.6666666666666666,-1.0,1.0,0.0,0.0,1.0,0.0,3.0,0.0,normal
2025-09-01 23:02:10,192.168.178.118,51.132.193.105,65101,443,54.0,0.0,0.4,1.0,1.0,9.0,0.0,0.6,1.0,2.0,0.0,0.0,-1.0,1.0,0.0,0.5,2.0,0.0,1.0,0.0,normal
2025-09-01 23:02:10,192.168.178.118,51.132.193.105,65101,443,108.0,0.0,0.5,2.0,1.0,9.0,0.0,0.5,1.0,3.0,0.0,0.0,-1.0,1.0,0.0,0.3333333333333333,3.0,0.0,2.0,0.0,normal
2025-09-01 23:02:10,192.168.178.118,51.132.193.105,65101,443,186.0,0.0,0.5714285714285714,3.0,1.0,9.0,0.0,0.42857142857142855,1.0,4.0,0.0,0.0,-1.0,1.0,0.0,0.25,4.0,0.0,3.0,0.0,normal
2025-09-01 23:02:10,192.168.178.118,51.132.193.105,65101,443,240.0,0.0,0.625,4.0,1.0,9.0,0.0,0.375,1.0,5.0,0.0,0.0,-1.0,1.0,0.0,0.2,5.0,0.0,4.0,0.0,normal
2025-09-01 23:02:10,51.132.193.105,192.168.178.118,443,65101,573.0,0.0,0.2222222222222222,2.0,0.5,9.0,0.0,0.7777777777777778,1.0,2.0,0.0,0.5,-1.0,1.0,0.0,0.0,2.0,0.0,4.0,0.0,normal
2025-09-01 23:02:12,192.168.178.1,255.255.255.255,53805,53805,58.0,0.0,0.1,1.0,1.0,9.0,0.0,0.9,2.0,1.0,0.0,0.0,-1.0,1.0,0.0,0.0,1.0,0.0,1.0,0.0,normal
2025-09-01 23:02:13,192.168.178.118,192.168.178.255,17500,17500,176.0,0.0,0.09090909090909091,1.0,1.0,9.0,0.0,0.9090909090909091,2.0,6.0,0.0,0.0,-1.0,1.0,0.0,0.0,1.0,0.0,1.0,0.0,normal
2025-09-01 23:02:15,51.195.5.155,192.168.178.118,443,49705,54.0,0.0,0.08333333333333333,1.0,0.2,9.0,0.0,0.9166666666666666,1.0,1.0,0.0,0.8,-1.0,1.0,0.0,0.0,1.0,0.0,5.0,0.0,normal
2025-09-01 23:02:15,192.168.178.118,51.195.5.155,49705,443,54.0,0.0,0.46153846153846156,1.0,1.0,9.0,0.0,0.5384615384615384,1.0,7.0,0.0,0.0,-1.0,1.0,0.0,0.8333333333333334,6.0,0.0,1.0,0.0,normal
2025-09-01 23:02:15,192.168.178.118,51.195.5.155,49705,443,109.0,0.0,0.5,2.0,1.0,9.0,0.0,0.5,1.0,8.0,0.0,0.0,-1.0,1.0,0.0,0.7142857142857143,7.0,0.0,2.0,0.0,normal
2025-09-01 23:02:15,51.195.5.155,192.168.178.118,443,49705,120.0,0.0,0.13333333333333333,2.0,0.3333333333333333,9.0,0.0,0.8666666666666667,1.0,2.0,0.0,0.6666666666666666,-1.0,1.0,0.0,0.0,2.0,0.0,6.0,0.0,normal
2025-09-01 23:02:17,192.168.178.118,20.189.173.28,65040,443,1583.0,0.0,0.5,2.0,1.0,9.0,0.0,0.5,1.0,9.0,0.0,0.0,-1.0,1.0,0.0,0.75,8.0,0.0,2.0,0.0,normal
2025-09-01 23:02:17,192.168.178.118,20.189.173.28,65040,443,2388.0,0.0,0.5294117647058824,3.0,1.0,9.0,0.0,0.47058823529411764,1.0,10.0,0.0,0.0,-1.0,1.0,0.0,0.6666666666666666,9.0,0.0,3.0,0.0,normal
2025-09-01 23:02:17,20.189.173.28,192.168.178.118,443,65040,261.0,0.0,0.16666666666666666,3.0,0.42857142857142855,9.0,0.0,0.8333333333333334,1.0,3.0,0.0,0.5714285714285714,-1.0,1.0,0.0,0.0,3.0,0.0,7.0,0.0,normal
2025-09-01 23:02:17,20.189.173.28,192.168.178.118,443,65040,390.0,0.0,0.21052631578947367,4.0,0.5,9.0,0.0,0.7894736842105263,1.0,4.0,0.0,0.5,-1.0,1.0,0.0,0.0,4.0,0.0,8.0,0.0,normal
2025-09-01 23:02:17,192.168.178.118,20.189.173.28,65040,443,2442.0,0.0,0.5,4.0,1.0,9.0,0.0,0.5,1.0,11.0,0.0,0.0,-1.0,1.0,0.0,0.6,10.0,0.0,4.0,0.0,normal
2025-09-01 23:02:18,192.168.178.118,142.250.145.188,63484,5228,55.0,0.0,0.047619047619047616,1.0,1.0,9.0,0.0,0.9523809523809523,1.0,12.0,0.0,0.0,-1.0,1.0,0.0,0.0,1.0,0.0,1.0,0.0,normal
2025-09-01 23:02:18,142.250.145.188,192.168.178.118,5228,63484,66.0,0.0,0.045454545454545456,1.0,0.1111111111111111,9.0,0.0,0.9545454545454546,1.0,1.0,0.0,0.8888888888888888,-1.0,0.1111111111111111,0.0,0.0,1.0,0.0,9.0,0.0,normal
2025-09-01 23:02:18,52.98.242.226,192.168.178.118,443,51543,102.0,0.0,0.043478260869565216,1.0,0.1,9.0,0.0,0.9565217391304348,1.0,1.0,0.0,0.9,-1.0,0.9,0.0,0.0,1.0,0.0,10.0,0.0,normal
2025-09-01 23:02:18,192.168.178.118,52.98.242.226,51543,443,54.0,0.0,0.4583333333333333,1.0,1.0,9.0,0.0,0.5416666666666666,1.0,13.0,0.0,0.0,-1.0,1.0,0.0,0.9090909090909091,11.0,0.0,1.0,0.0,normal
2025-09-01 23:02:18,192.168.178.118,20.42.73.31,65077,443,93.0,0.0,0.48,1.0,1.0,9.0,0.0,0.52,1.0,14.0,0.0,0.0,-1.0,1.0,0.0,0.9166666666666666,12.0,0.0,1.0,0.0,normal
2025-09-01 23:02:19,192.168.178.118,20.190.177.21,65076,443,93.0,0.0,0.5,1.0,1.0,9.0,0.0,0.5,1.0,15.0,0.0,0.0,-1.0,1.0,0.0,0.9230769230769231,13.0,0.0,1.0,0.0,normal
2025-09-01 23:02:19,20.190.177.21,192.168.178.118,443,65076,93.0,0.0,0.037037037037037035,1.0,0.09090909090909091,9.0,0.0,0.9629629629629629,1.0,1.0,0.0,0.9090909090909091,-1.0,0.9090909090909091,0.0,0.0,1.0,0.0,11.0,0.0,normal
2025-09-01 23:02:19,192.168.178.118,20.190.177.21,65076,443,147.0,0.0,0.5,2.0,1.0,9.0,0.0,0.5,1.0,16.0,0.0,0.0,-1.0,1.0,0.0,0.8571428571428571,14.0,0.0,2.0,0.0,normal
2025-09-01 23:02:19,20.42.73.31,192.168.178.118,443,65077,93.0,0.0,0.034482758620689655,1.0,0.08333333333333333,9.0,0.0,0.9655172413793104,1.0,1.0,0.0,0.9166666666666666,-1.0,0.9166666666666666,0.0,0.0,1.0,0.0,12.0,0.0,normal
2025-09-01 23:02:19,192.168.178.118,20.42.73.31,65077,443,147.0,0.0,0.5,2.0,1.0,9.0,0.0,0.5,1.0,17.0,0.0,0.0,-1.0,1.0,0.0,0.8666666666666667,15.0,0.0,2.0,0.0,normal
2025-09-01 23:02:19,192.168.178.118,142.250.145.188,52052,5228,55.0,0.0,0.06451612903225806,2.0,1.0,9.0,0.0,0.9354838709677419,1.0,18.0,0.0,0.0,-1.0,0.5,0.0,0.0,2.0,0.0,2.0,0.0,normal
2025-09-01 23:02:19,142.250.145.188,192.168.178.118,5228,52052,66.0,0.0,0.03125,1.0,0.07692307692307693,9.0,0.0,0.96875,1.0,2.0,0.0,0.9230769230769231,-1.0,0.15384615384615385,0.0,0.0,1.0,0.0,13.0,0.0,normal
2025-09-01 23:02:19,192.168.178.118,172.64.155.209,64971,443,55.0,0.0,0.48484848484848486,1.0,1.0,9.0,0.0,0.5151515151515151,1.0,19.0,0.0,0.0,-1.0,1.0,0.0,0.9375,16.0,0.0,1.0,0.0,normal
2025-09-01 23:02:19,172.64.155.209,192.168.178.118,443,64971,66.0,0.0,0.029411764705882353,1.0,0.07142857142857142,9.0,0.0,0.9705882352941176,1.0,1.0,0.0,0.9285714285714286,-1.0,0.8571428571428571,0.0,0.0,1.0,0.0,14.0,0.0,normal
2025-09-01 23:02:20,192.168.178.118,20.189.173.28,65040,443,3936.0,0.0,0.4857142857142857,5.0,1.0,9.0,0.0,0.5142857142857142,1.0,20.0,0.0,0.0,-1.0,1.0,0.0,0.7058823529411765,17.0,0.0,5.0,0.0,normal
2025-09-01 23:02:20,192.168.178.118,20.189.173.28,65040,443,4736.0,0.0,0.5,6.0,1.0,9.0,0.0,0.5,1.0,21.0,0.0,0.0,-1.0,1.0,0.0,0.6666666666666666,18.0,0.0,6.0,0.0,normal
2025-09-01 23:02:20,20.189.173.28,192.168.178.118,443,65040,444.0,0.0,0.13513513513513514,5.0,0.3333333333333333,9.0,0.0,0.8648648648648649,1.0,5.0,0.0,0.6666666666666666,-1.0,0.8666666666666667,0.0,0.0,5.0,0.0,15.0,0.0,normal
2025-09-01 23:02:20,20.189.173.28,192.168.178.118,443,65040,567.0,0.0,0.15789473684210525,6.0,0.375,9.0,0.0,0.8421052631578947,1.0,6.0,0.0,0.625,-1.0,0.875,0.0,0.0,6.0,0.0,16.0,0.0,normal
2025-09-01 23:02:20,192.168.178.118,20.189.173.28,65040,443,4790.0,0.0,0.48717948717948717,7.0,1.0,9.0,0.0,0.5128205128205128,1.0,22.0,0.0,0.0,-1.0,1.0,0.0,0.631578947368421,19.0,0.0,7.0,0.0,normal
2025-09-01 23:02:21,192.168.178.118,3.233.158.25,65085,443,55.0,0.0,0.5,1.0,1.0,9.0,0.0,0.5,1.0,23.0,0.0,0.0,-1.0,1.0,0.0,0.95,20.0,0.0,1.0,0.0,normal
2025-09-01 23:02:22,3.233.158.25,192.168.178.118,443,65085,66.0,0.0,0.024390243902439025,1.0,0.058823529411764705,9.0,0.0,0.975609756097561,1.0,1.0,0.0,0.9411764705882353,-1.0,0.8823529411764706,0.0,0.0,1.0,0.0,17.0,0.0,normal
2025-09-01 23:02:24,192.168.178.118,192.168.178.1,65110,80,66.0,0.0,0.023809523809523808,1.0,1.0,5.0,0.0,0.9761904761904762,1.0,24.0,0.0,0.0,-1.0,1.0,0.0,0.0,1.0,0.0,1.0,0.0,normal
2025-09-01 23:02:24,192.168.178.118,192.168.178.1,65111,80,66.0,0.0,0.046511627906976744,2.0,1.0,5.0,0.0,0.9534883720930233,1.0,25.0,0.0,0.0,-1.0,0.5,0.0,0.0,2.0,0.0,2.0,0.0,normal
2025-09-01 23:02:24,192.168.178.1,192.168.178.118,80,65110,66.0,0.0,0.022727272727272728,1.0,0.05555555555555555,6.0,0.0,0.9772727272727273,1.0,2.0,0.0,0.9444444444444444,-1.0,0.05555555555555555,0.0,0.0,1.0,0.0,18.0,0.0,normal
2025-09-01 23:02:24,192.168.178.1,192.168.178.118,80,65111,66.0,0.0,0.022222222222222223,1.0,0.05263157894736842,6.0,0.0,0.9777777777777777,1.0,3.0,0.0,0.9473684210526315,-1.0,0.10526315789473684,0.0,0.0,1.0,0.0,19.0,0.0,normal
2025-09-01 23:02:24,192.168.178.118,192.168.178.1,65110,80,120.0,0.0,0.06521739130434782,3.0,1.0,9.0,0.0,0.9347826086956522,1.0,26.0,0.0,0.0,-1.0,0.6666666666666666,0.0,0.0,3.0,0.0,3.0,0.0,normal
2025-09-01 23:02:24,192.168.178.118,192.168.178.1,65111,80,120.0,0.0,0.0851063829787234,4.0,1.0,9.0,0.0,0.9148936170212766,1.0,27.0,0.0,0.0,-1.0,0.5,0.0,0.0,4.0,0.0,4.0,0.0,normal
2025-09-01 23:02:24,192.168.178.118,192.168.178.1,65110,80,302.0,0.0,0.10416666666666667,5.0,1.0,9.0,0.0,0.8958333333333334,1.0,28.0,0.0,0.0,-1.0,0.6,0.0,0.0,5.0,0.0,5.0,0.0,normal
2025-09-01 23:02:24,192.168.178.118,192.168.178.1,65111,80,302.0,0.0,0.12244897959183673,6.0,1.0,9.0,0.0,0.8775510204081632,1.0,29.0,0.0,0.0,-1.0,0.5,0.0,0.0,6.0,0.0,6.0,0.0,normal
2025-09-01 23:02:25,192.168.178.1,192.168.178.118,80,65110,120.0,0.0,0.04,2.0,0.1,9.0,0.0,0.96,1.0,4.0,0.0,0.9,-1.0,0.15,0.0,0.0,2.0,0.0,20.0,0.0,normal
2025-09-01 23:02:25,192.168.178.1,192.168.178.118,80,65111,120.0,0.0,0.0392156862745098,2.0,0.09523809523809523,9.0,0.0,0.9607843137254902,1.0,5.0,0.0,0.9047619047619048,-1.0,0.19047619047619047,0.0,0.0,2.0,0.0,21.0,0.0,normal
2025-09-01 23:02:25,192.168.178.1,192.168.178.118,80,65110,283.0,0.0,0.057692307692307696,3.0,0.13636363636363635,9.0,0.0,0.9423076923076923,1.0,6.0,0.0,0.8636363636363636,-1.0,0.22727272727272727,0.0,0.0,3.0,0.0,22.0,0.0,normal
2025-09-01 23:02:25,192.168.178.1,192.168.178.118,80,65110,1797.0,0.0,0.07547169811320754,4.0,0.17391304347826086,9.0,0.0,0.9245283018867925,1.0,7.0,0.0,0.8260869565217391,-1.0,0.2608695652173913,0.0,0.0,4.0,0.0,23.0,0.0,normal
2025-09-01 23:02:25,192.168.178.1,192.168.178.118,80,65111,283.0,0.0,0.05555555555555555,3.0,0.125,9.0,0.0,0.9444444444444444,1.0,8.0,0.0,0.875,-1.0,0.2916666666666667,0.0,0.0,3.0,0.0,24.0,0.0,normal
2025-09-01 23:02:25,192.168.178.1,192.168.178.118,80,65111,1797.0,0.0,0.07272727272727272,4.0,0.16,9.0,0.0,0.9272727272727272,1.0,9.0,0.0,0.84,-1.0,0.32,0.0,0.0,4.0,0.0,25.0,0.0,normal
2025-09-01 23:02:25,192.168.178.118,192.168.178.1,65111,80,356.0,0.0,0.125,7.0,1.0,9.0,0.0,0.875,1.0,30.0,0.0,0.0,-1.0,0.5714285714285714,0.0,0.0,7.0,0.0,7.0,0.0,normal
2025-09-01 23:02:26,192.168.178.118,192.168.178.1,65110,80,356.0,0.0,0.14035087719298245,8.0,1.0,9.0,0.0,0.8596491228070176,1.0,31.0,0.0,0.0,-1.0,0.5,0.0,0.0,8.0,0.0,8.0,0.0,normal
2025-09-01 23:02:26,192.168.178.1,192.168.178.118,80,65110,2271.0,0.0,0.08620689655172414,5.0,0.19230769230769232,9.0,0.0,0.9137931034482759,1.0,10.0,0.0,0.8076923076923077,-1.0,0.34615384615384615,0.0,0.0,5.0,0.0,26.0,0.0,normal
2025-09-01 23:02:26,192.168.178.1,192.168.178.118,80,65111,2271.0,0.0,0.0847457627118644,5.0,0.18518518518518517,9.0,0.0,0.9152542372881356,1.0,11.0,0.0,0.8148148148148148,-1.0,0.37037037037037035,0.0,0.0,5.0,0.0,27.0,0.0,normal
2025-09-01 23:02:26,192.168.178.118,192.168.178.1,65111,80,410.0,0.0,0.15,9.0,1.0,4.0,0.0,0.85,1.0,32.0,0.0,0.0,-1.0,0.5555555555555556,0.0,0.0,9.0,0.0,9.0,0.0,normal
2025-09-01 23:02:26,192.168.178.118,192.168.178.1,65110,80,410.0,0.0,0.16393442622950818,10.0,1.0,4.0,0.0,0.8360655737704918,1.0,33.0,0.0,0.0,-1.0,0.5,0.0,0.0,10.0,0.0,10.0,0.0,normal
2025-09-01 23:02:26,192.168.178.118,52.98.242.226,51543,443,1560.0,0.0,0.3387096774193548,2.0,1.0,9.0,0.0,0.6612903225806451,1.0,34.0,0.0,0.0,-1.0,1.0,0.0,0.9047619047619048,21.0,0.0,2.0,0.0,normal
2025-09-01 23:02:26,192.168.178.118,52.98.242.226,51543,443,3066.0,0.0,0.3492063492063492,3.0,1.0,9.0,0.0,0.6507936507936508,1.0,35.0,0.0,0.0,-1.0,1.0,0.0,0.8636363636363636,22.0,0.0,3.0,0.0,normal
2025-09-01 23:02:27,192.168.178.118,52.98.242.226,51543,443,4572.0,0.0,0.359375,4.0,1.0,9.0,0.0,0.640625,1.0,36.0,0.0,0.0,-1.0,1.0,0.0,0.8260869565217391,23.0,0.0,4.0,0.0,normal
2025-09-01 23:02:27,192.168.178.118,52.98.242.226,51543,443,6078.0,0.0,0.36923076923076925,5.0,1.0,9.0,0.0,0.6307692307692307,1.0,37.0,0.0,0.0,-1.0,1.0,0.0,0.7916666666666666,24.0,0.0,5.0,0.0,normal
2025-09-01 23:02:27,192.168.178.118,52.98.242.226,51543,443,7584.0,0.0,0.3787878787878788,6.0,1.0,9.0,0.0,0.6212121212121212,1.0,38.0,0.0,0.0,-1.0,1.0,0.0,0.76,25.0,0.0,6.0,0.0,normal
2025-09-01 23:02:27,192.168.178.118,52.98.242.226,51543,443,8065.0,0.0,0.3880597014925373,7.0,1.0,9.0,0.0,0.6119402985074627,1.0,39.0,0.0,0.0,-1.0,1.0,0.0,0.7307692307692307,26.0,0.0,7.0,0.0,normal
2025-09-01 23:02:27,52.98.242.226,192.168.178.118,443,51543,156.0,0.0,0.029411764705882353,2.0,0.07142857142857142,9.0,0.0,0.9705882352941176,1.0,2.0,0.0,0.9285714285714286,-1.0,0.5714285714285714,0.0,0.0,2.0,0.0,28.0,0.0,normal
2025-09-01 23:02:27,52.98.242.226,192.168.178.118,443,51543,210.0,0.0,0.043478260869565216,3.0,0.10344827586206896,9.0,0.0,0.9565217391304348,1.0,3.0,0.0,0.896551724137931,-1.0,0.5862068965517241,0.0,0.0,3.0,0.0,29.0,0.0,normal
2025-09-01 23:02:27,52.98.242.226,192.168.178.118,443,51543,264.0,0.0,0.05714285714285714,4.0,0.13333333333333333,9.0,0.0,0.9428571428571428,1.0,4.0,0.0,0.8666666666666667,-1.0,0.6,0.0,0.0,4.0,0.0,30.0,0.0,normal
2025-09-01 23:02:27,52.98.242.226,192.168.178.118,443,51543,730.0,0.0,0.07042253521126761,5.0,0.16129032258064516,9.0,0.0,0.9295774647887324,1.0,5.0,0.0,0.8387096774193549,-1.0,0.6129032258064516,0.0,0.0,5.0,0.0,31.0,0.0,normal
2025-09-01 23:02:28,52.98.242.226,192.168.178.118,443,51543,1955.0,0.0,0.08333333333333333,6.0,0.1875,9.0,0.0,0.9166666666666666,1.0,6.0,0.0,0.8125,-1.0,0.625,0.0,0.0,6.0,0.0,32.0,0.0,normal
2025-09-01 23:02:28,52.98.242.226,192.168.178.118,443,51543,3461.0,0.0,0.0958904109589041,7.0,0.21212121212121213,9.0,0.0,0.9041095890410958,1.0,7.0,0.0,0.7878787878787878,-1.0,0.6363636363636364,0.0,0.0,7.0,0.0,33.0,0.0,normal
2025-09-01 23:02:28,192.168.178.118,52.98.242.226,51543,443,8119.0,0.0,0.36486486486486486,8.0,1.0,9.0,0.0,0.6351351351351351,1.0,40.0,0.0,0.0,-1.0,1.0,0.0,0.7037037037037037,27.0,0.0,8.0,0.0,normal
2025-09-01 23:02:28,52.98.242.226,192.168.178.118,443,51543,4176.0,0.0,0.10666666666666667,8.0,0.23529411764705882,9.0,0.0,0.8933333333333333,1.0,8.0,0.0,0.7647058823529411,-1.0,0.6470588235294118,0.0,0.0,8.0,0.0,34.0,0.0,normal
2025-09-01 23:02:28,52.98.242.226,192.168.178.118,443,51543,4268.0,0.0,0.11842105263157894,9.0,0.2571428571428571,9.0,0.0,0.881578947368421,1.0,9.0,0.0,0.7428571428571429,-1.0,0.6571428571428571,0.0,0.0,9.0,0.0,35.0,0.0,normal
2025-09-01 23:02:28,192.168.178.118,52.98.242.226,51543,443,8173.0,0.0,0.36363636363636365,9.0,1.0,9.0,0.0,0.6363636363636364,1.0,41.0,0.0,0.0,-1.0,1.0,0.0,0.6785714285714286,28.0,0.0,9.0,0.0,normal
2025-09-01 23:02:28,192.168.178.118,35.196.143.54,49745,7500,55.0,0.0,0.01282051282051282,1.0,1.0,9.0,0.0,0.9871794871794872,1.0,42.0,0.0,0.0,-1.0,1.0,0.0,0.0,1.0,0.0,1.0,0.0,normal
2025-09-01 23:02:28,192.168.178.1,239.255.255.250,1900,1900,346.0,0.0,0.012658227848101266,1.0,1.0,9.0,0.0,0.9873417721518988,2.0,12.0,0.0,0.0,-1.0,1.0,0.0,0.0,1.0,0.0,1.0,0.0,normal
2025-09-01 23:02:28,192.168.178.1,239.255.255.250,1900,1900,701.0,0.0,0.025,2.0,1.0,9.0,0.0,0.975,2.0,13.0,0.0,0.0,-1.0,1.0,0.0,0.0,2.0,0.0,2.0,0.0,normal
2025-09-01 23:02:29,192.168.178.1,239.255.255.250,1900,1900,1099.0,0.0,0.037037037037037035,3.0,1.0,9.0,0.0,0.9629629629629629,2.0,14.0,0.0,0.0,-1.0,1.0,0.0,0.0,3.0,0.0,3.0,0.0,normal
2025-09-01 23:02:29,192.168.178.1,239.255.255.250,1900,1900,1509.0,0.0,0.04878048780487805,4.0,1.0,9.0,0.0,0.9512195121951219,2.0,15.0,0.0,0.0,-1.0,1.0,0.0,0.0,4.0,0.0,4.0,0.0,normal
2025-09-01 23:02:29,192.168.178.1,239.255.255.250,1900,1900,1921.0,0.0,0.060240963855421686,5.0,1.0,9.0,0.0,0.9397590361445783,2.0,16.0,0.0,0.0,-1.0,1.0,0.0,0.0,5.0,0.0,5.0,0.0,normal
2025-09-01 23:02:29,192.168.178.1,239.255.255.250,1900,1900,2347.0,0.0,0.07142857142857142,6.0,1.0,9.0,0.0,0.9285714285714286,2.0,17.0,0.0,0.0,-1.0,1.0,0.0,0.0,6.0,0.0,6.0,0.0,normal
2025-09-01 23:02:29,192.168.178.1,239.255.255.250,1900,1900,2737.0,0.0,0.08235294117647059,7.0,1.0,9.0,0.0,0.9176470588235294,2.0,18.0,0.0,0.0,-1.0,1.0,0.0,0.0,7.0,0.0,7.0,0.0,normal
2025-09-01 23:02:29,35.196.143.54,192.168.178.118,7500,49745,54.0,0.0,0.011627906976744186,1.0,0.027777777777777776,9.0,0.0,0.9883720930232558,1.0,1.0,0.0,0.9722222222222222,-1.0,0.027777777777777776,0.0,0.0,1.0,0.0,36.0,0.0,normal
2025-09-01 23:02:29,192.168.178.118,51.195.5.155,49705,443,164.0,0.0,0.3333333333333333,3.0,1.0,9.0,0.0,0.6666666666666666,1.0,43.0,0.0,0.0,-1.0,1.0,0.0,0.896551724137931,29.0,0.0,3.0,0.0,normal
2025-09-01 23:02:29,51.195.5.155,192.168.178.118,443,49705,186.0,0.0,0.03409090909090909,3.0,0.08108108108108109,9.0,0.0,0.9659090909090909,1.0,3.0,0.0,0.918918918918919,-1.0,0.6486486486486487,0.0,0.0,3.0,0.0,37.0,0.0,normal
2025-09-01 23:02:29,192.168.178.118,20.189.173.13,49199,443,66.0,0.0,0.33707865168539325,1.0,1.0,5.0,0.0,0.6629213483146067,1.0,44.0,0.0,0.0,-1.0,1.0,0.0,0.9666666666666667,30.0,0.0,1.0,0.0,normal
2025-09-01 23:02:29,20.189.173.13,192.168.178.118,443,49199,66.0,0.0,0.011111111111111112,1.0,0.02631578947368421,6.0,0.0,0.9888888888888889,1.0,1.0,0.0,0.9736842105263158,-1.0,0.6578947368421053,0.0,0.0,1.0,0.0,38.0,0.0,normal
2025-09-01 23:02:29,192.168.178.118,20.189.173.13,49199,443,120.0,0.0,0.34065934065934067,2.0,1.0,9.0,0.0,0.6593406593406593,1.0,45.0,0.0,0.0,-1.0,1.0,0.0,0.9354838709677419,31.0,0.0,2.0,0.0,normal
2025-09-01 23:02:30,192.168.178.118,20.189.173.13,49199,443,691.0,0.0,0.34782608695652173,3.0,1.0,9.0,0.0,0.6521739130434783,1.0,46.0,0.0,0.0,-1.0,1.0,0.0,0.90625,32.0,0.0,3.0,0.0,normal
2025-09-01 23:02:30,20.189.173.13,192.168.178.118,443,49199,219.0,0.0,0.021505376344086023,2.0,0.05128205128205128,9.0,0.0,0.978494623655914,1.0,2.0,0.0,0.9487179487179487,-1.0,0.6666666666666666,0.0,0.0,2.0,0.0,39.0,0.0,normal
2025-09-01 23:02:30,192.168.178.118,20.189.173.13,49199,443,745.0,0.0,0.35106382978723405,4.0,1.0,9.0,0.0,0.648936170212766,1.0,47.0,0.0,0.0,-1.0,1.0,0.0,0.8787878787878788,33.0,0.0,4.0,0.0,normal
2025-09-01 23:02:30,192.168.178.118,20.189.173.13,49199,443,1236.0,0.0,0.35789473684210527,5.0,1.0,9.0,0.0,0.6421052631578947,1.0,48.0,0.0,0.0,-1.0,1.0,0.0,0.8529411764705882,34.0,0.0,5.0,0.0,normal
2025-09-01 23:02:30,20.189.173.13,192.168.178.118,443,49199,1725.0,0.0,0.03125,3.0,0.075,9.0,0.0,0.96875,1.0,3.0,0.0,0.925,-1.0,0.675,0.0,0.0,3.0,0.0,40.0,0.0,normal
2025-09-01 23:02:30,20.189.173.13,192.168.178.118,443,49199,3231.0,0.0,0.041237113402061855,4.0,0.0975609756097561,9.0,0.0,0.9587628865979382,1.0,4.0,0.0,0.9024390243902439,-1.0,0.6829268292682927,0.0,0.0,4.0,0.0,41.0,0.0,normal
2025-09-01 23:02:30,20.189.173.13,192.168.178.118,443,49199,4737.0,0.0,0.05102040816326531,5.0,0.11904761904761904,9.0,0.0,0.9489795918367347,1.0,5.0,0.0,0.8809523809523809,-1.0,0.6904761904761905,0.0,0.0,5.0,0.0,42.0,0.0,normal
2025-09-01 23:02:30,20.189.173.13,192.168.178.118,443,49199,4926.0,0.0,0.06060606060606061,6.0,0.13953488372093023,9.0,0.0,0.9393939393939394,1.0,6.0,0.0,0.8604651162790697,-1.0,0.6976744186046512,0.0,0.0,6.0,0.0,43.0,0.0,normal
2025-09-01 23:02:30,192.168.178.118,20.189.173.13,49199,443,1290.0,0.0,0.35,6.0,1.0,9.0,0.0,0.65,1.0,49.0,0.0,0.0,-1.0,1.0,0.0,0.8285714285714286,35.0,0.0,6.0,0.0,normal
2025-09-01 23:02:30,192.168.178.118,20.189.173.13,49199,443,2784.0,0.0,0.3564356435643564,7.0,1.0,9.0,0.0,0.6435643564356436,1.0,50.0,0.0,0.0,-1.0,1.0,0.0,0.8055555555555556,36.0,0.0,7.0,0.0,normal
2025-09-01 23:02:30,192.168.178.118,20.189.173.13,49199,443,3407.0,0.0,0.3627450980392157,8.0,1.0,9.0,0.0,0.6372549019607843,1.0,51.0,0.0,0.0,-1.0,1.0,0.0,0.7837837837837838,37.0,0.0,8.0,0.0,normal
2025-09-01 23:02:30,20.189.173.13,192.168.178.118,443,49199,4980.0,0.0,0.06796116504854369,7.0,0.1590909090909091,9.0,0.0,0.9320388349514563,1.0,7.0,0.0,0.8409090909090909,-1.0,0.7045454545454546,0.0,0.0,7.0,0.0,44.0,0.0,normal
2025-09-01 23:02:31,20.189.173.13,192.168.178.118,443,49199,5137.0,0.0,0.07692307692307693,8.0,0.17777777777777778,9.0,0.0,0.9230769230769231,1.0,8.0,0.0,0.8222222222222222,-1.0,0.7111111111111111,0.0,0.0,8.0,0.0,45.0,0.0,normal
2025-09-01 23:02:31,20.189.173.13,192.168.178.118,443,49199,5656.0,0.0,0.08571428571428572,9.0,0.1956521739130435,9.0,0.0,0.9142857142857143,1.0,9.0,0.0,0.8043478260869565,-1.0,0.717391304347826,0.0,0.0,9.0,0.0,46.0,0.0,normal
2025-09-01 23:02:31,192.168.178.118,20.189.173.13,49199,443,3461.0,0.0,0.3584905660377358,9.0,1.0,9.0,0.0,0.6415094339622641,1.0,52.0,0.0,0.0,-1.0,1.0,0.0,0.7631578947368421,38.0,0.0,9.0,0.0,normal
2025-09-01 23:02:31,192.168.178.118,20.189.173.13,49199,443,3515.0,0.0,0.3644859813084112,10.0,1.0,9.0,0.0,0.6355140186915887,1.0,53.0,0.0,0.0,-1.0,1.0,0.0,0.7435897435897436,39.0,0.0,10.0,0.0,normal
2025-09-01 23:02:31,192.168.178.118,20.189.173.13,49199,443,3593.0,0.0,0.37037037037037035,11.0,1.0,9.0,0.0,0.6296296296296297,1.0,54.0,0.0,0.0,-1.0,1.0,0.0,0.725,40.0,0.0,11.0,0.0,normal
2025-09-01 23:02:31,192.168.178.118,20.189.173.13,49199,443,3647.0,0.0,0.3761467889908257,12.0,1.0,9.0,0.0,0.6238532110091743,1.0,55.0,0.0,0.0,-1.0,1.0,0.0,0.7073170731707317,41.0,0.0,12.0,0.0,normal
2025-09-01 23:02:31,20.189.173.13,192.168.178.118,443,49199,5710.0,0.0,0.09090909090909091,10.0,0.2127659574468085,9.0,0.0,0.9090909090909091,1.0,10.0,0.0,0.7872340425531915,-1.0,0.723404255319149,0.0,0.0,10.0,0.0,47.0,0.0,normal
2025-09-01 23:02:31,104.18.39.21,192.168.178.118,443,64944,78.0,0.0,0.009009009009009009,1.0,0.020833333333333332,9.0,0.0,0.990990990990991,1.0,1.0,0.0,0.9791666666666666,-1.0,0.7291666666666666,0.0,0.0,1.0,0.0,48.0,0.0,normal
2025-09-01 23:02:32,192.168.178.118,104.18.39.21,64944,443,82.0,0.0,0.375,1.0,1.0,9.0,0.0,0.625,1.0,56.0,0.0,0.0,-1.0,1.0,0.0,0.9761904761904762,42.0,0.0,1.0,0.0,normal
2025-09-01 23:02:32,104.18.39.21,192.168.178.118,443,64944,132.0,0.0,0.017699115044247787,2.0,0.04081632653061224,9.0,0.0,0.9823008849557522,1.0,2.0,0.0,0.9591836734693877,-1.0,0.7346938775510204,0.0,0.0,2.0,0.0,49.0,0.0,normal
2025-09-01 23:02:32,35.196.143.54,192.168.178.118,7500,49745,145.0,0.0,0.017543859649122806,2.0,0.04,9.0,0.0,0.9824561403508771,1.0,2.0,0.0,0.96,-1.0,0.04,0.0,0.0,2.0,0.0,50.0,0.0,normal
2025-09-01 23:02:32,192.168.178.118,35.196.143.54,49745,7500,109.0,0.0,0.017391304347826087,2.0,1.0,9.0,0.0,0.9826086956521739,1.0,57.0,0.0,0.0,-1.0,1.0,0.0,0.0,2.0,0.0,2.0,0.0,normal
2025-09-01 23:02:35,192.168.178.118,51.195.5.155,49705,443,219.0,0.0,0.3706896551724138,4.0,1.0,9.0,0.0,0.6293103448275862,1.0,58.0,0.0,0.0,-1.0,1.0,0.0,0.9069767441860465,43.0,0.0,4.0,0.0,normal
2025-09-01 23:02:35,51.195.5.155,192.168.178.118,443,49705,252.0,0.0,0.03418803418803419,4.0,0.0784313725490196,9.0,0.0,0.9658119658119658,1.0,4.0,0.0,0.9215686274509803,-1.0,0.7254901960784313,0.0,0.0,4.0,0.0,51.0,0.0,normal
2025-09-01 23:02:36,192.168.178.118,34.49.17.193,65049,443,55.0,0.0,0.3728813559322034,1.0,1.0,9.0,0.0,0.6271186440677966,1.0,59.0,0.0,0.0,-1.0,1.0,0.0,0.9772727272727273,44.0,0.0,1.0,0.0,normal
2025-09-01 23:02:36,34.49.17.193,192.168.178.118,443,65049,66.0,0.0,0.008403361344537815,1.0,0.019230769230769232,9.0,0.0,0.9915966386554622,1.0,1.0,0.0,0.9807692307692307,-1.0,0.7307692307692307,0.0,0.0,1.0,0.0,52.0,0.0,normal
2025-09-01 23:02:36,192.168.178.1,239.255.255.250,1900,1900,3078.0,0.0,0.06666666666666667,8.0,1.0,9.0,0.0,0.9333333333333333,2.0,19.0,0.0,0.0,-1.0,1.0,0.0,0.0,8.0,0.0,8.0,0.0,normal
2025-09-01 23:02:36,192.168.178.1,239.255.255.250,1900,1900,3429.0,0.0,0.0743801652892562,9.0,1.0,9.0,0.0,0.9256198347107438,2.0,20.0,0.0,0.0,-1.0,1.0,0.0,0.0,9.0,0.0,9.0,0.0,normal
2025-09-01 23:02:36,192.168.178.1,239.255.255.250,1900,1900,3816.0,0.0,0.08196721311475409,10.0,1.0,9.0,0.0,0.9180327868852459,2.0,21.0,0.0,0.0,-1.0,1.0,0.0,0.0,10.0,0.0,10.0,0.0,normal
2025-09-01 23:02:36,192.168.178.1,239.255.255.250,1900,1900,4203.0,0.0,0.08943089430894309,11.0,1.0,9.0,0.0,0.9105691056910569,2.0,22.0,0.0,0.0,-1.0,1.0,0.0,0.0,11.0,0.0,11.0,0.0,normal
2025-09-01 23:02:36,3.233.158.25,192.168.178.118,443,65085,159.0,0.0,0.016129032258064516,2.0,0.03773584905660377,9.0,0.0,0.9838709677419355,1.0,2.0,0.0,0.9622641509433962,-1.0,0.7358490566037735,0.0,0.0,2.0,0.0,53.0,0.0,normal
2025-09-01 23:02:36,192.168.178.118,3.233.158.25,65085,443,133.0,0.0,0.36,2.0,1.0,9.0,0.0,0.64,1.0,60.0,0.0,0.0,-1.0,1.0,0.0,0.9555555555555556,45.0,0.0,2.0,0.0,normal
2025-09-01 23:02:37,192.168.178.118,3.233.158.25,65085,443,187.0,0.0,0.36507936507936506,3.0,1.0,9.0,0.0,0.6349206349206349,1.0,61.0,0.0,0.0,-1.0,1.0,0.0,0.9347826086956522,46.0,0.0,3.0,0.0,normal
2025-09-01 23:02:37,3.233.158.25,192.168.178.118,443,65085,213.0,0.0,0.023622047244094488,3.0,0.05555555555555555,9.0,0.0,0.9763779527559056,1.0,3.0,0.0,0.9444444444444444,-1.0,0.7407407407407407,0.0,0.0,3.0,0.0,54.0,0.0,normal
2025-09-01 23:02:37,3.233.158.25,192.168.178.118,443,65085,291.0,0.0,0.03125,4.0,0.07272727272727272,9.0,0.0,0.96875,1.0,4.0,0.0,0.9272727272727272,-1.0,0.7454545454545455,0.0,0.0,4.0,0.0,55.0,0.0,normal
2025-09-01 23:02:37,192.168.178.118,3.233.158.25,65085,443,241.0,0.0,0.3643410852713178,4.0,1.0,4.0,0.0,0.6356589147286822,1.0,62.0,0.0,0.0,-1.0,1.0,0.0,0.9148936170212766,47.0,0.0,4.0,0.0,normal
2025-09-01 23:02:37,3.233.158.25,192.168.178.118,443,65085,345.0,0.0,0.038461538461538464,5.0,0.08928571428571429,9.0,0.0,0.9615384615384616,1.0,5.0,0.0,0.9107142857142857,-1.0,0.75,0.0,0.0,5.0,0.0,56.0,0.0,normal
2025-09-01 23:02:37,192.168.178.118,3.233.158.25,65085,443,295.0,0.0,0.366412213740458,5.0,1.0,1.0,0.0,0.6335877862595419,1.0,63.0,0.0,0.0,-1.0,1.0,0.0,0.8958333333333334,48.0,0.0,5.0,0.0,normal
2025-09-01 23:02:37,192.168.178.1,239.255.255.250,1900,1900,4540.0,0.0,0.09090909090909091,12.0,1.0,9.0,0.0,0.9090909090909091,2.0,23.0,0.0,0.0,-1.0,1.0,0.0,0.0,12.0,0.0,12.0,0.0,normal
2025-09-01 23:02:37,192.168.178.1,239.255.255.250,1900,1900,4887.0,0.0,0.09774436090225563,13.0,1.0,9.0,0.0,0.9022556390977443,2.0,24.0,0.0,0.0,-1.0,1.0,0.0,0.0,13.0,0.0,13.0,0.0,normal
2025-09-01 23:02:37,192.168.178.1,239.255.255.250,1900,1900,5270.0,0.0,0.1044776119402985,14.0,1.0,9.0,0.0,0.8955223880597015,2.0,25.0,0.0,0.0,-1.0,1.0,0.0,0.0,14.0,0.0,14.0,0.0,normal
2025-09-01 23:02:37,192.168.178.1,239.255.255.250,1900,1900,5653.0,0.0,0.1111111111111111,15.0,1.0,9.0,0.0,0.8888888888888888,2.0,26.0,0.0,0.0,-1.0,1.0,0.0,0.0,15.0,0.0,15.0,0.0,normal
2025-09-01 23:02:38,52.98.242.226,192.168.178.118,443,51543,4370.0,0.0,0.07352941176470588,10.0,0.17543859649122806,9.0,0.0,0.9264705882352942,1.0,10.0,0.0,0.8245614035087719,-1.0,0.7543859649122807,0.0,0.0,10.0,0.0,57.0,0.0,normal
2025-09-01 23:02:38,192.168.178.118,52.98.242.226,51543,443,8227.0,0.0,0.35766423357664234,10.0,1.0,9.0,0.0,0.6423357664233577,1.0,64.0,0.0,0.0,-1.0,1.0,0.0,0.7959183673469388,49.0,0.0,10.0,0.0,normal
2025-09-01 23:02:40,192.168.178.118,172.64.155.209,64959,443,55.0,0.0,0.36231884057971014,2.0,1.0,9.0,0.0,0.6376811594202898,1.0,65.0,0.0,0.0,-1.0,0.5,0.0,0.96,50.0,0.0,2.0,0.0,normal
2025-09-01 23:02:40,172.64.155.209,192.168.178.118,443,64959,66.0,0.0,0.007194244604316547,1.0,0.017241379310344827,9.0,0.0,0.9928057553956835,1.0,2.0,0.0,0.9827586206896551,-1.0,0.7586206896551724,0.0,0.0,1.0,0.0,58.0,0.0,normal
2025-09-01 23:02:44,192.168.178.118,192.168.178.255,17500,17500,352.0,0.0,0.014285714285714285,2.0,1.0,9.0,0.0,0.9857142857142858,2.0,66.0,0.0,0.0,-1.0,1.0,0.0,0.0,2.0,0.0,2.0,0.0,normal
2025-09-01 23:02:44,192.168.178.118,20.111.1.3,65039,443,55.0,0.0,0.3617021276595745,1.0,1.0,9.0,0.0,0.6382978723404256,1.0,67.0,0.0,0.0,-1.0,1.0,0.0,0.9803921568627451,51.0,0.0,1.0,0.0,possibile attacco rilevato (euristica)
2025-09-01 23:02:44,20.111.1.3,192.168.178.118,443,65039,66.0,0.0,0.007042253521126761,1.0,0.01694915254237288,9.0,0.0,0.9929577464788732,1.0,1.0,0.0,0.9830508474576272,-1.0,0.7627118644067796,0.0,0.0,1.0,0.0,59.0,0.0,normal
2025-09-01 23:02:45,192.168.178.118,51.195.5.155,49705,443,274.0,0.0,0.36363636363636365,5.0,1.0,9.0,0.0,0.6363636363636364,1.0,68.0,0.0,0.0,-1.0,1.0,0.0,0.9038461538461539,52.0,0.0,5.0,0.0,possibile attacco rilevato (euristica)
2025-09-01 23:02:46,51.195.5.155,192.168.178.118,443,49705,318.0,0.0,0.034722222222222224,5.0,0.08333333333333333,9.0,0.0,0.9652777777777778,1.0,5.0,0.0,0.9166666666666666,-1.0,0.7666666666666667,0.0,0.0,5.0,0.0,60.0,0.0,normal
2025-09-01 23:02:46,192.168.178.118,192.168.178.1,51038,80,66.0,0.0,0.07586206896551724,11.0,1.0,5.0,0.0,0.9241379310344827,1.0,69.0,0.0,0.0,-1.0,0.09090909090909091,0.0,0.0,11.0,0.0,11.0,0.0,normal
2025-09-01 23:02:46,192.168.178.118,192.168.178.1,51037,80,66.0,0.0,0.0821917808219178,12.0,1.0,5.0,0.0,0.9178082191780822,1.0,70.0,0.0,0.0,-1.0,0.08333333333333333,0.0,0.0,12.0,0.0,12.0,0.0,normal
2025-09-01 23:02:46,192.168.178.1,192.168.178.118,80,51037,66.0,0.0,0.006802721088435374,1.0,0.01639344262295082,6.0,0.0,0.9931972789115646,1.0,27.0,0.0,0.9836065573770492,-1.0,0.18032786885245902,0.0,0.0,1.0,0.0,61.0,0.0,normal
2025-09-01 23:02:46,192.168.178.1,192.168.178.118,80,51038,66.0,0.0,0.006756756756756757,1.0,0.016129032258064516,6.0,0.0,0.9932432432432432,1.0,28.0,0.0,0.9838709677419355,-1.0,0.1935483870967742,0.0,0.0,1.0,0.0,62.0,0.0,normal
2025-09-01 23:02:46,192.168.178.118,192.168.178.1,51037,80,120.0,0.0,0.087248322147651,13.0,1.0,9.0,0.0,0.912751677852349,1.0,71.0,0.0,0.0,-1.0,0.15384615384615385,0.0,0.0,13.0,0.0,13.0,0.0,normal
2025-09-01 23:02:46,192.168.178.118,192.168.178.1,51038,80,120.0,0.0,0.09333333333333334,14.0,1.0,9.0,0.0,0.9066666666666666,1.0,72.0,0.0,0.0,-1.0,0.14285714285714285,0.0,0.0,14.0,0.0,14.0,0.0,normal
2025-09-01 23:02:46,192.168.178.118,192.168.178.1,51038,80,302.0,0.0,0.09933774834437085,15.0,1.0,9.0,0.0,0.9006622516556292,1.0,73.0,0.0,0.0,-1.0,0.2,0.0,0.0,15.0,0.0,15.0,0.0,normal
2025-09-01 23:02:46,192.168.178.118,192.168.178.1,51037,80,302.0,0.0,0.10526315789473684,16.0,1.0,9.0,0.0,0.8947368421052632,1.0,74.0,0.0,0.0,-1.0,0.1875,0.0,0.0,16.0,0.0,16.0,0.0,normal
2025-09-01 23:02:46,192.168.178.1,192.168.178.118,80,51037,120.0,0.0,0.013071895424836602,2.0,0.031746031746031744,9.0,0.0,0.9869281045751634,1.0,29.0,0.0,0.9682539682539683,-1.0,0.20634920634920634,0.0,0.0,2.0,0.0,63.0,0.0,normal
2025-09-01 23:02:46,192.168.178.1,192.168.178.118,80,51038,120.0,0.0,0.012987012987012988,2.0,0.03125,9.0,0.0,0.987012987012987,1.0,30.0,0.0,0.96875,-1.0,0.21875,0.0,0.0,2.0,0.0,64.0,0.0,normal
2025-09-01 23:02:47,192.168.178.1,192.168.178.118,80,51037,283.0,0.0,0.01935483870967742,3.0,0.046153846153846156,9.0,0.0,0.9806451612903225,1.0,31.0,0.0,0.9538461538461539,-1.0,0.23076923076923078,0.0,0.0,3.0,0.0,65.0,0.0,normal
2025-09-01 23:02:47,192.168.178.1,192.168.178.118,80,51037,1797.0,0.0,0.02564102564102564,4.0,0.06060606060606061,9.0,0.0,0.9743589743589743,1.0,32.0,0.0,0.9393939393939394,-1.0,0.24242424242424243,0.0,0.0,4.0,0.0,66.0,0.0,normal
2025-09-01 23:02:47,192.168.178.118,192.168.178.1,51037,80,356.0,0.0,0.10828025477707007,17.0,1.0,9.0,0.0,0.89171974522293,1.0,75.0,0.0,0.0,-1.0,0.23529411764705882,0.0,0.0,17.0,0.0,17.0,0.0,normal
2025-09-01 23:02:47,192.168.178.1,192.168.178.118,80,51038,283.0,0.0,0.0189873417721519,3.0,0.04477611940298507,9.0,0.0,0.9810126582278481,1.0,33.0,0.0,0.9552238805970149,-1.0,0.2537313432835821,0.0,0.0,3.0,0.0,67.0,0.0,normal
2025-09-01 23:02:47,192.168.178.118,192.168.178.1,51038,80,356.0,0.0,0.11320754716981132,18.0,1.0,9.0,0.0,0.8867924528301887,1.0,76.0,0.0,0.0,-1.0,0.2222222222222222,0.0,0.0,18.0,0.0,18.0,0.0,normal
2025-09-01 23:02:47,192.168.178.1,192.168.178.118,80,51038,1797.0,0.0,0.025,4.0,0.058823529411764705,9.0,0.0,0.975,1.0,34.0,0.0,0.9411764705882353,-1.0,0.2647058823529412,0.0,0.0,4.0,0.0,68.0,0.0,normal
2025-09-01 23:02:47,192.168.178.1,192.168.178.118,80,51037,2271.0,0.0,0.031055900621118012,5.0,0.07246376811594203,9.0,0.0,0.968944099378882,1.0,35.0,0.0,0.927536231884058,-1.0,0.2753623188405797,0.0,0.0,5.0,0.0,69.0,0.0,normal
2025-09-01 23:02:47,192.168.178.1,192.168.178.118,80,51038,2271.0,0.0,0.030864197530864196,5.0,0.07142857142857142,9.0,0.0,0.9691358024691358,1.0,36.0,0.0,0.9285714285714286,-1.0,0.2857142857142857,0.0,0.0,5.0,0.0,70.0,0.0,normal
2025-09-01 23:02:47,192.168.178.118,192.168.178.1,51038,80,410.0,0.0,0.1165644171779141,19.0,1.0,9.0,0.0,0.8834355828220859,1.0,77.0,0.0,0.0,-1.0,0.2631578947368421,0.0,0.0,19.0,0.0,19.0,0.0,normal
2025-09-01 23:02:47,192.168.178.118,192.168.178.1,51038,80,464.0,0.0,0.12195121951219512,20.0,1.0,4.0,0.0,0.8780487804878049,1.0,78.0,0.0,0.0,-1.0,0.3,0.0,0.0,20.0,0.0,20.0,0.0,normal
2025-09-01 23:02:47,192.168.178.118,192.168.178.1,51037,80,410.0,0.0,0.12727272727272726,21.0,1.0,4.0,0.0,0.8727272727272727,1.0,79.0,0.0,0.0,-1.0,0.23809523809523808,0.0,0.0,21.0,0.0,21.0,0.0,normal
2025-09-01 23:02:48,104.18.39.21,192.168.178.118,443,64944,210.0,0.0,0.018072289156626505,3.0,0.04225352112676056,9.0,0.0,0.9819277108433735,1.0,3.0,0.0,0.9577464788732394,-1.0,0.6619718309859155,0.0,0.0,3.0,0.0,71.0,0.0,normal
2025-09-01 23:02:48,192.168.178.118,104.18.39.21,64944,443,164.0,0.0,0.31736526946107785,2.0,1.0,9.0,0.0,0.6826347305389222,1.0,80.0,0.0,0.0,-1.0,1.0,0.0,0.9622641509433962,53.0,0.0,2.0,0.0,possibile attacco rilevato (euristica)
2025-09-01 23:02:48,104.18.39.21,192.168.178.118,443,64944,264.0,0.0,0.023809523809523808,4.0,0.05555555555555555,9.0,0.0,0.9761904761904762,1.0,4.0,0.0,0.9444444444444444,-1.0,0.6666666666666666,0.0,0.0,4.0,0.0,72.0,0.0,normal
2025-09-01 23:02:49,192.168.178.118,78.134.83.97,65028,443,78.0,0.0,0.31952662721893493,1.0,1.0,9.0,0.0,0.6804733727810651,1.0,81.0,0.0,0.0,-1.0,1.0,0.0,0.9814814814814815,54.0,0.0,1.0,0.0,possibile attacco rilevato (euristica)
2025-09-01 23:02:50,192.168.178.118,78.134.83.97,65028,443,132.0,0.0,0.3235294117647059,2.0,1.0,9.0,0.0,0.6764705882352942,1.0,82.0,0.0,0.0,-1.0,1.0,0.0,0.9636363636363636,55.0,0.0,2.0,0.0,possibile attacco rilevato (euristica)
2025-09-01 23:02:50,192.168.178.118,192.168.178.1,63106,53,110.0,0.0,0.005847953216374269,1.0,0.045454545454545456,9.0,0.0,0.9941520467836257,2.0,83.0,0.0,0.9545454545454546,-1.0,0.045454545454545456,0.0,0.0,1.0,0.0,22.0,0.0,normal
2025-09-01 23:02:50,192.168.178.1,192.168.178.118,53,63106,326.0,0.0,0.005813953488372093,1.0,0.0136986301369863,9.0,0.0,0.9941860465116279,2.0,37.0,0.0,0.9863013698630136,-1.0,0.0136986301369863,0.0,0.0,1.0,0.0,73.0,0.0,normal
2025-09-01 23:02:50,78.134.83.97,192.168.178.118,443,65028,54.0,0.0,0.005780346820809248,1.0,0.013513513513513514,9.0,0.0,0.9942196531791907,1.0,1.0,0.0,0.9864864864864865,-1.0,0.6621621621621622,0.0,0.0,1.0,0.0,74.0,0.0,normal
2025-09-01 23:02:50,78.134.83.97,192.168.178.118,443,65028,132.0,0.0,0.011494252873563218,2.0,0.02666666666666667,9.0,0.0,0.9885057471264368,1.0,2.0,0.0,0.9733333333333334,-1.0,0.6666666666666666,0.0,0.0,2.0,0.0,75.0,0.0,normal
2025-09-01 23:02:50,78.134.83.97,192.168.178.118,443,65028,186.0,0.0,0.017142857142857144,3.0,0.039473684210526314,4.0,0.0,0.9828571428571429,1.0,3.0,0.0,0.9605263157894737,-1.0,0.6710526315789473,0.0,0.0,3.0,0.0,76.0,0.0,normal
2025-09-01 23:02:50,192.168.178.118,78.134.83.97,65028,443,186.0,0.0,0.3181818181818182,3.0,1.0,4.0,0.0,0.6818181818181818,1.0,84.0,0.0,0.0,-1.0,1.0,0.0,0.9464285714285714,56.0,0.0,3.0,0.0,possibile attacco rilevato (euristica)
2025-09-01 23:02:50,192.168.178.118,78.134.83.74,51040,443,66.0,0.0,0.3220338983050847,1.0,1.0,5.0,0.0,0.6779661016949152,1.0,85.0,0.0,0.0,-1.0,1.0,0.0,0.9824561403508771,57.0,0.0,1.0,0.0,possibile attacco rilevato (euristica)
2025-09-01 23:02:50,78.134.83.74,192.168.178.118,443,51040,66.0,0.0,0.0056179775280898875,1.0,0.012987012987012988,6.0,0.0,0.9943820224719101,1.0,1.0,0.0,0.987012987012987,-1.0,0.6753246753246753,0.0,0.0,1.0,0.0,77.0,0.0,normal
2025-09-01 23:02:50,192.168.178.118,78.134.83.74,51040,443,120.0,0.0,0.3240223463687151,2.0,1.0,9.0,0.0,0.6759776536312849,1.0,86.0,0.0,0.0,-1.0,1.0,0.0,0.9655172413793104,58.0,0.0,2.0,0.0,possibile attacco rilevato (euristica)
2025-09-01 23:02:50,192.168.178.118,78.134.83.74,51040,443,990.0,0.0,0.3277777777777778,3.0,1.0,9.0,0.0,0.6722222222222223,1.0,87.0,0.0,0.0,-1.0,1.0,0.0,0.9491525423728814,59.0,0.0,3.0,0.0,possibile attacco rilevato (euristica)
2025-09-01 23:02:50,78.134.83.74,192.168.178.118,443,51040,390.0,0.0,0.011049723756906077,2.0,0.02564102564102564,9.0,0.0,0.988950276243094,1.0,2.0,0.0,0.9743589743589743,-1.0,0.6794871794871795,0.0,0.0,2.0,0.0,78.0,0.0,normal
2025-09-01 23:02:50,192.168.178.118,78.134.83.74,51040,443,1124.0,0.0,0.32967032967032966,4.0,1.0,9.0,0.0,0.6703296703296703,1.0,88.0,0.0,0.0,-1.0,1.0,0.0,0.9333333333333333,60.0,0.0,4.0,0.0,possibile attacco rilevato (euristica)
2025-09-01 23:02:50,192.168.178.118,78.134.83.74,51040,443,1278.0,0.0,0.3333333333333333,5.0,1.0,9.0,0.0,0.6666666666666666,1.0,89.0,0.0,0.0,-1.0,1.0,0.0,0.9180327868852459,61.0,0.0,5.0,0.0,possibile attacco rilevato (euristica)
2025-09-01 23:02:50,78.134.83.74,192.168.178.118,443,51040,444.0,0.0,0.016304347826086956,3.0,0.0379746835443038,9.0,0.0,0.9836956521739131,1.0,3.0,0.0,0.9620253164556962,-1.0,0.6835443037974683,0.0,0.0,3.0,0.0,79.0,0.0,normal
2025-09-01 23:02:50,78.134.83.74,192.168.178.118,443,51040,498.0,0.0,0.021621621621621623,4.0,0.05,9.0,0.0,0.9783783783783784,1.0,4.0,0.0,0.95,-1.0,0.6875,0.0,0.0,4.0,0.0,80.0,0.0,normal
2025-09-01 23:02:50,78.134.83.74,192.168.178.118,443,51040,871.0,0.0,0.026881720430107527,5.0,0.06172839506172839,9.0,0.0,0.9731182795698925,1.0,5.0,0.0,0.9382716049382716,-1.0,0.691358024691358,0.0,0.0,5.0,0.0,81.0,0.0,normal
2025-09-01 23:02:51,78.134.83.74,192.168.178.118,443,51040,2377.0,0.0,0.03208556149732621,6.0,0.07317073170731707,9.0,0.0,0.9679144385026738,1.0,6.0,0.0,0.926829268292683,-1.0,0.6951219512195121,0.0,0.0,6.0,0.0,82.0,0.0,normal
2025-09-01 23:02:51,78.134.83.74,192.168.178.118,443,51040,2825.0,0.0,0.03723404255319149,7.0,0.08433734939759036,9.0,0.0,0.9627659574468085,1.0,7.0,0.0,0.9156626506024096,-1.0,0.6987951807228916,0.0,0.0,7.0,0.0,83.0,0.0,normal
2025-09-01 23:02:51,192.168.178.118,78.134.83.74,51040,443,1332.0,0.0,0.328042328042328,6.0,1.0,9.0,0.0,0.671957671957672,1.0,90.0,0.0,0.0,-1.0,1.0,0.0,0.9032258064516129,62.0,0.0,6.0,0.0,possibile attacco rilevato (euristica)
2025-09-01 23:02:55,192.168.178.118,51.195.5.155,49705,443,329.0,0.0,0.33157894736842103,6.0,1.0,9.0,0.0,0.6684210526315789,1.0,91.0,0.0,0.0,-1.0,1.0,0.0,0.9047619047619048,63.0,0.0,6.0,0.0,possibile attacco rilevato (euristica)
2025-09-01 23:02:56,51.195.5.155,192.168.178.118,443,49705,384.0,0.0,0.031413612565445025,6.0,0.07142857142857142,9.0,0.0,0.9685863874345549,1.0,6.0,0.0,0.9285714285714286,-1.0,0.7023809523809523,0.0,0.0,6.0,0.0,84.0,0.0,normal
2025-09-01 23:02:56,192.168.178.118,162.125.21.2,64986,443,1107.0,0.0,0.3333333333333333,1.0,1.0,9.0,0.0,0.6666666666666666,1.0,92.0,0.0,0.0,-1.0,1.0,0.0,0.984375,64.0,0.0,1.0,0.0,possibile attacco rilevato (euristica)
2025-09-01 23:02:56,192.168.178.118,162.125.21.2,64986,443,2601.0,0.0,0.33678756476683935,2.0,1.0,9.0,0.0,0.6632124352331606,1.0,93.0,0.0,0.0,-1.0,1.0,0.0,0.9692307692307692,65.0,0.0,2.0,0.0,possibile attacco rilevato (euristica)
2025-09-01 23:02:57,192.168.178.118,162.125.21.2,64986,443,4095.0,0.0,0.3402061855670103,3.0,1.0,9.0,0.0,0.6597938144329897,1.0,94.0,0.0,0.0,-1.0,1.0,0.0,0.9545454545454546,66.0,0.0,3.0,0.0,possibile attacco rilevato (euristica)
2025-09-01 23:02:57,192.168.178.118,162.125.21.2,64986,443,5589.0,0.0,0.3435897435897436,4.0,1.0,9.0,0.0,0.6564102564102564,1.0,95.0,0.0,0.0,-1.0,1.0,0.0,0.9402985074626866,67.0,0.0,4.0,0.0,possibile attacco rilevato (euristica)
2025-09-01 23:02:57,192.168.178.118,162.125.21.2,64986,443,7083.0,0.0,0.3469387755102041,5.0,1.0,9.0,0.0,0.6530612244897959,1.0,96.0,0.0,0.0,-1.0,1.0,0.0,0.9264705882352942,68.0,0.0,5.0,0.0,possibile attacco rilevato (euristica)
2025-09-01 23:02:57,192.168.178.118,162.125.21.2,64986,443,7316.0,0.0,0.350253807106599,6.0,1.0,9.0,0.0,0.649746192893401,1.0,97.0,0.0,0.0,-1.0,1.0,0.0,0.9130434782608695,69.0,0.0,6.0,0.0,possibile attacco rilevato (euristica)
2025-09-01 23:02:57,162.125.21.2,192.168.178.118,443,64986,54.0,0.0,0.005050505050505051,1.0,0.011764705882352941,9.0,0.0,0.9949494949494949,1.0,1.0,0.0,0.9882352941176471,-1.0,0.7058823529411765,0.0,0.0,1.0,0.0,85.0,0.0,normal
2025-09-01 23:02:57,162.125.21.2,192.168.178.118,443,64986,120.0,0.0,0.010050251256281407,2.0,0.023255813953488372,9.0,0.0,0.9899497487437185,1.0,2.0,0.0,0.9767441860465116,-1.0,0.7093023255813954,0.0,0.0,2.0,0.0,86.0,0.0,normal
2025-09-01 23:02:57,162.125.21.2,192.168.178.118,443,64986,174.0,0.0,0.015,3.0,0.034482758620689655,9.0,0.0,0.985,1.0,3.0,0.0,0.9655172413793104,-1.0,0.7126436781609196,0.0,0.0,3.0,0.0,87.0,0.0,normal
2025-09-01 23:02:57,162.125.21.2,192.168.178.118,443,64986,1451.0,0.0,0.01990049751243781,4.0,0.045454545454545456,9.0,0.0,0.9800995024875622,1.0,4.0,0.0,0.9545454545454546,-1.0,0.7159090909090909,0.0,0.0,4.0,0.0,88.0,0.0,normal
2025-09-01 23:02:57,192.168.178.118,162.125.21.2,64986,443,7370.0,0.0,0.3465346534653465,7.0,1.0,9.0,0.0,0.6534653465346535,1.0,98.0,0.0,0.0,-1.0,1.0,0.0,0.9,70.0,0.0,7.0,0.0,possibile attacco rilevato (euristica)
2025-09-01 23:02:58,52.98.242.226,192.168.178.118,443,51543,4472.0,0.0,0.054187192118226604,11.0,0.12359550561797752,9.0,0.0,0.9458128078817734,1.0,11.0,0.0,0.8764044943820225,-1.0,0.7191011235955056,0.0,0.0,11.0,0.0,89.0,0.0,normal
2025-09-01 23:02:58,192.168.178.118,52.98.242.226,51543,443,8281.0,0.0,0.3480392156862745,11.0,1.0,9.0,0.0,0.6519607843137255,1.0,99.0,0.0,0.0,-1.0,1.0,0.0,0.8450704225352113,71.0,0.0,11.0,0.0,possibile attacco rilevato (euristica)
2025-09-01 23:03:01,20.33.105.0,192.168.178.118,443,53026,54.0,0.0,0.004878048780487805,1.0,0.011111111111111112,9.0,0.0,0.9951219512195122,1.0,1.0,0.0,0.9888888888888889,-1.0,0.7222222222222222,0.0,0.0,1.0,0.0,90.0,0.0,normal
2025-09-01 23:03:01,192.168.178.118,20.33.105.0,53026,443,54.0,0.0,0.34951456310679613,1.0,1.0,9.0,0.0,0.6504854368932039,1.0,100.0,0.0,0.0,-1.0,1.0,0.0,0.9861111111111112,72.0,0.0,1.0,0.0,possibile attacco rilevato (euristica)
2025-09-01 23:03:01,192.168.178.118,192.168.178.1,51049,80,66.0,0.0,0.10628019323671498,22.0,0.9565217391304348,5.0,0.0,0.893719806763285,1.0,101.0,0.0,0.043478260869565216,-1.0,0.043478260869565216,0.0,0.0,22.0,0.0,23.0,0.0,possibile attacco rilevato (euristica)
2025-09-01 23:03:01,192.168.178.118,192.168.178.1,51048,80,66.0,0.0,0.11057692307692307,23.0,0.9583333333333334,5.0,0.0,0.8894230769230769,1.0,102.0,0.0,0.041666666666666664,-1.0,0.041666666666666664,0.0,0.0,23.0,0.0,24.0,0.0,possibile attacco rilevato (euristica)
2025-09-01 23:03:01,192.168.178.1,192.168.178.118,80,51049,66.0,0.0,0.004784688995215311,1.0,0.01098901098901099,6.0,0.0,0.9952153110047847,1.0,38.0,0.0,0.989010989010989,-1.0,0.23076923076923078,0.0,0.0,1.0,0.0,91.0,0.0,normal
2025-09-01 23:03:01,192.168.178.118,192.168.178.1,51049,80,120.0,0.0,0.11428571428571428,24.0,0.96,9.0,0.0,0.8857142857142857,1.0,103.0,0.0,0.04,-1.0,0.08,0.0,0.0,24.0,0.0,25.0,0.0,possibile attacco rilevato (euristica)
2025-09-01 23:03:01,192.168.178.1,192.168.178.118,80,51048,66.0,0.0,0.004739336492890996,1.0,0.010869565217391304,6.0,0.0,0.995260663507109,1.0,39.0,0.0,0.9891304347826086,-1.0,0.2391304347826087,0.0,0.0,1.0,0.0,92.0,0.0,normal
2025-09-01 23:03:01,192.168.178.118,192.168.178.1,51048,80,120.0,0.0,0.1179245283018868,25.0,0.9615384615384616,9.0,0.0,0.8820754716981132,1.0,104.0,0.0,0.038461538461538464,-1.0,0.07692307692307693,0.0,0.0,25.0,0.0,26.0,0.0,possibile attacco rilevato (euristica)
2025-09-01 23:03:01,192.168.178.118,192.168.178.1,51049,80,302.0,0.0,0.12206572769953052,26.0,0.9629629629629629,9.0,0.0,0.8779342723004695,1.0,105.0,0.0,0.037037037037037035,-1.0,0.1111111111111111,0.0,0.0,26.0,0.0,27.0,0.0,possibile attacco rilevato (euristica)
2025-09-01 23:03:01,192.168.178.118,192.168.178.1,51048,80,302.0,0.0,0.1261682242990654,27.0,0.9642857142857143,9.0,0.0,0.8738317757009346,1.0,106.0,0.0,0.03571428571428571,-1.0,0.10714285714285714,0.0,0.0,27.0,0.0,28.0,0.0,possibile attacco rilevato (euristica)
2025-09-01 23:03:02,192.168.178.1,192.168.178.118,80,51049,120.0,0.0,0.009302325581395349,2.0,0.021505376344086023,9.0,0.0,0.9906976744186047,1.0,40.0,0.0,0.978494623655914,-1.0,0.24731182795698925,0.0,0.0,2.0,0.0,93.0,0.0,normal
2025-09-01 23:03:02,192.168.178.1,192.168.178.118,80,51048,120.0,0.0,0.009259259259259259,2.0,0.02127659574468085,9.0,0.0,0.9907407407407407,1.0,41.0,0.0,0.9787234042553191,-1.0,0.2553191489361702,0.0,0.0,2.0,0.0,94.0,0.0,normal
2025-09-01 23:03:02,192.168.178.1,192.168.178.118,80,51049,283.0,0.0,0.013824884792626729,3.0,0.031578947368421054,9.0,0.0,0.9861751152073732,1.0,42.0,0.0,0.968421052631579,-1.0,0.2631578947368421,0.0,0.0,3.0,0.0,95.0,0.0,normal
2025-09-01 23:03:02,192.168.178.118,192.168.178.1,51049,80,356.0,0.0,0.12844036697247707,28.0,0.9655172413793104,9.0,0.0,0.8715596330275229,1.0,107.0,0.0,0.034482758620689655,-1.0,0.13793103448275862,0.0,0.0,28.0,0.0,29.0,0.0,possibile attacco rilevato (euristica)
2025-09-01 23:03:02,192.168.178.1,192.168.178.118,80,51049,1797.0,0.0,0.0182648401826484,4.0,0.041666666666666664,9.0,0.0,0.9817351598173516,1.0,43.0,0.0,0.9583333333333334,-1.0,0.2708333333333333,0.0,0.0,4.0,0.0,96.0,0.0,normal
2025-09-01 23:03:02,192.168.178.118,192.168.178.1,51049,80,410.0,0.0,0.1318181818181818,29.0,0.9666666666666667,9.0,0.0,0.8681818181818182,1.0,108.0,0.0,0.03333333333333333,-1.0,0.16666666666666666,0.0,0.0,29.0,0.0,30.0,0.0,possibile attacco rilevato (euristica)
2025-09-01 23:03:02,192.168.178.1,192.168.178.118,80,51048,283.0,0.0,0.013574660633484163,3.0,0.030927835051546393,9.0,0.0,0.9864253393665159,1.0,44.0,0.0,0.9690721649484536,-1.0,0.27835051546391754,0.0,0.0,3.0,0.0,97.0,0.0,normal
2025-09-01 23:03:02,192.168.178.1,192.168.178.118,80,51048,1797.0,0.0,0.018018018018018018,4.0,0.04081632653061224,9.0,0.0,0.9819819819819819,1.0,45.0,0.0,0.9591836734693877,-1.0,0.2857142857142857,0.0,0.0,4.0,0.0,98.0,0.0,normal
2025-09-01 23:03:02,192.168.178.118,192.168.178.1,51049,80,464.0,0.0,0.13452914798206278,30.0,0.967741935483871,4.0,0.0,0.8654708520179372,1.0,109.0,0.0,0.03225806451612903,-1.0,0.1935483870967742,0.0,0.0,30.0,0.0,31.0,0.0,possibile attacco rilevato (euristica)
2025-09-01 23:03:02,192.168.178.118,192.168.178.1,51048,80,356.0,0.0,0.13839285714285715,31.0,0.96875,9.0,0.0,0.8616071428571429,1.0,110.0,0.0,0.03125,-1.0,0.125,0.0,0.0,31.0,0.0,32.0,0.0,possibile attacco rilevato (euristica)
2025-09-01 23:03:02,192.168.178.1,192.168.178.118,80,51049,2271.0,0.0,0.022222222222222223,5.0,0.050505050505050504,9.0,0.0,0.9777777777777777,1.0,46.0,0.0,0.9494949494949495,-1.0,0.29292929292929293,0.0,0.0,5.0,0.0,99.0,0.0,normal
2025-09-01 23:03:02,192.168.178.118,192.168.178.1,51049,80,518.0,0.0,0.1415929203539823,32.0,0.9696969696969697,1.0,0.0,0.8584070796460177,1.0,111.0,0.0,0.030303030303030304,-1.0,0.21212121212121213,0.0,0.0,32.0,0.0,33.0,0.0,possibile attacco rilevato (euristica)
2025-09-01 23:03:02,192.168.178.1,192.168.178.118,80,51048,2271.0,0.0,0.022026431718061675,5.0,0.05,9.0,0.0,0.9779735682819384,1.0,47.0,0.0,0.95,-1.0,0.3,0.0,0.0,5.0,0.0,100.0,0.0,normal
2025-09-01 23:03:02,192.168.178.118,192.168.178.1,51048,80,410.0,0.0,0.14473684210526316,33.0,0.9705882352941176,4.0,0.0,0.8552631578947368,1.0,112.0,0.0,0.029411764705882353,-1.0,0.14705882352941177,0.0,0.0,33.0,0.0,34.0,0.0,possibile attacco rilevato (euristica)
2025-09-01 23:03:03,192.168.178.118,142.250.145.188,63484,5228,110.0,0.0,0.013100436681222707,3.0,1.0,9.0,0.0,0.9868995633187773,1.0,113.0,0.0,0.0,-1.0,0.6666666666666666,0.0,0.0,3.0,0.0,3.0,0.0,possibile attacco rilevato (euristica)
2025-09-01 23:03:03,142.250.145.188,192.168.178.118,5228,63484,132.0,0.0,0.008695652173913044,2.0,0.019801980198019802,9.0,0.0,0.991304347826087,1.0,3.0,0.0,0.9801980198019802,-1.0,0.0297029702970297,0.0,0.0,2.0,0.0,101.0,0.0,normal
2025-09-01 23:03:04,192.168.178.118,142.250.145.188,52052,5228,110.0,0.0,0.017316017316017316,4.0,1.0,9.0,0.0,0.9826839826839827,1.0,114.0,0.0,0.0,-1.0,0.5,0.0,0.0,4.0,0.0,4.0,0.0,possibile attacco rilevato (euristica)
2025-09-01 23:03:04,142.250.145.188,192.168.178.118,5228,52052,132.0,0.0,0.008620689655172414,2.0,0.0196078431372549,9.0,0.0,0.9913793103448276,1.0,4.0,0.0,0.9803921568627451,-1.0,0.0392156862745098,0.0,0.0,2.0,0.0,102.0,0.0,normal
2025-09-01 23:03:04,192.168.178.118,172.64.155.209,64971,443,110.0,0.0,0.3133047210300429,3.0,1.0,9.0,0.0,0.6866952789699571,1.0,115.0,0.0,0.0,-1.0,0.6666666666666666,0.0,0.958904109589041,73.0,0.0,3.0,0.0,possibile attacco rilevato (euristica)
2025-09-01 23:03:04,172.64.155.209,192.168.178.118,443,64971,132.0,0.0,0.008547008547008548,2.0,0.019417475728155338,9.0,0.0,0.9914529914529915,1.0,3.0,0.0,0.9805825242718447,-1.0,0.6407766990291263,0.0,0.0,2.0,0.0,103.0,0.0,normal
2025-09-01 23:03:05,192.168.178.118,20.189.173.28,65040,443,4845.0,0.0,0.3148936170212766,8.0,1.0,9.0,0.0,0.6851063829787234,1.0,116.0,0.0,0.0,-1.0,1.0,0.0,0.8918918918918919,74.0,0.0,8.0,0.0,possibile attacco rilevato (euristica)
2025-09-01 23:03:05,20.189.173.28,192.168.178.118,443,65040,633.0,0.0,0.029661016949152543,7.0,0.0673076923076923,9.0,0.0,0.9703389830508474,1.0,7.0,0.0,0.9326923076923077,-1.0,0.6442307692307693,0.0,0.0,7.0,0.0,104.0,0.0,normal
2025-09-01 23:03:06,192.168.178.118,51.195.5.155,49705,443,384.0,0.0,0.31645569620253167,7.0,1.0,9.0,0.0,0.6835443037974683,1.0,117.0,0.0,0.0,-1.0,1.0,0.0,0.9066666666666666,75.0,0.0,7.0,0.0,possibile attacco rilevato (euristica)
2025-09-01 23:03:06,51.195.5.155,192.168.178.118,443,49705,450.0,0.0,0.029411764705882353,7.0,0.06666666666666667,9.0,0.0,0.9705882352941176,1.0,7.0,0.0,0.9333333333333333,-1.0,0.6476190476190476,0.0,0.0,7.0,0.0,105.0,0.0,normal
2025-09-01 23:03:08,104.18.39.21,192.168.178.118,443,64944,342.0,0.0,0.02092050209205021,5.0,0.04716981132075472,9.0,0.0,0.9790794979079498,1.0,5.0,0.0,0.9528301886792453,-1.0,0.6509433962264151,0.0,0.0,5.0,0.0,106.0,0.0,normal
2025-09-01 23:03:08,192.168.178.118,104.18.39.21,64944,443,246.0,0.0,0.31666666666666665,3.0,1.0,9.0,0.0,0.6833333333333333,1.0,118.0,0.0,0.0,-1.0,1.0,0.0,0.9605263157894737,76.0,0.0,3.0,0.0,possibile attacco rilevato (euristica)
2025-09-01 23:03:08,104.18.39.21,192.168.178.118,443,64944,396.0,0.0,0.024896265560165973,6.0,0.056074766355140186,9.0,0.0,0.975103734439834,1.0,6.0,0.0,0.9439252336448598,-1.0,0.6542056074766355,0.0,0.0,6.0,0.0,107.0,0.0,normal
